res,total_buried_area,mean_buried_area,residue_count
LYS,471.882,10.258304347826087,46
ALA,241.4172,2.5147625000000002,96
GLU,203.146,5.345947368421053,38
THR,99.191,3.9676400000000003,25
VAL,83.012,2.2435675675675677,37
PHE,78.469,6.539083333333333,12
ILE,69.25,4.073529411764706,17
GLY,63.735,3.9834375,16
ASP,54.141,3.184764705882353,17
GLN,51.603,2.58015,20
ASN,43.21,6.172857142857143,7
PRO,41.402,3.763818181818182,11
LEU,40.779,2.3987647058823534,17
SER,25.3603,0.7684939393939394,33
TYR,24.746000000000002,2.249636363636364,11
ARG,23.022,1.279,18
MET,6.998,1.3996,5
TRP,1.5510000000000002,0.38775000000000004,4
HIS,1.28,0.32,4
