chain,total_buried_area,mean_buried_area,residue_count
A,672.2712,4.025576047904192,167
B,523.189,4.15229365079365,126
C,428.7343,3.0406687943262414,141
