chemistry_class,total_buried_area,mean_buried_area,residue_count
positive,496.184,7.296823529411765,68
hydrophobic,482.8582,2.6385693989071037,183
negative,257.287,4.677945454545454,55
polar,219.3643,2.580756470588235,85
aromatic,104.766,3.8802222222222222,27
other,63.735,3.9834375,16
