chain1,chain2,contacts,mean_distance,min_distance
C,B,170,3.8325882352941174,2.56
B,C,170,3.8308823529411766,2.56
A,B,154,3.6994155844155845,1.01
A,C,138,3.826304347826087,1.23
C,C,125,3.70128,2.47
A,A,98,3.8011224489795916,1.07
B,A,96,3.711145833333333,1.85
B,B,24,4.04,1.26
C,A,6,3.9566666666666666,3.5
