res,total_buried_area,mean_buried_area,residue_count
ASN,206.804,2.8329315068493153,73
SER,162.289,2.9507090909090907,55
ILE,98.604,3.400137931034483,29
THR,72.014,1.2205762711864405,59
PRO,69.4332,1.6147255813953487,43
VAL,36.7732,1.1491625,32
GLN,33.9607,1.1710586206896552,29
MET,15.7293,1.310775,12
LEU,13.5359,0.7962294117647059,17
ARG,9.43,0.589375,16
GLY,9.269,0.403,23
TYR,9.247,0.5779375,16
ASP,9.104,0.3958260869565217,23
LYS,8.071,0.3843333333333333,21
PHE,7.865,0.715,11
HIS,7.362,0.6692727272727272,11
GLU,5.557,0.3473125,16
ALA,4.9475999999999996,0.23559999999999998,21
TRP,0.557,0.09283333333333334,6
CYS,0.207,0.06899999999999999,3
