chemistry_class,total_buried_area,mean_buried_area,residue_count
polar,475.2747,2.170204109589041,219
hydrophobic,239.0232,1.5520987012987013,154
positive,24.863,0.5179791666666667,48
aromatic,17.669,0.5354242424242425,33
negative,14.661,0.3759230769230769,39
other,9.269,0.403,23
