chain,total_buried_area,mean_buried_area,residue_count
2,479.5876,2.4468755102040816,196
3,207.4843,1.2424209580838323,167
1,80.971,0.6134166666666667,132
4,12.716999999999999,0.6055714285714285,21
