chain1,chain2,contacts,mean_distance,min_distance
2,3,237,3.7860337552742616,1.43
1,1,166,3.936144578313253,2.87
3,2,158,3.7806329113924053,2.56
3,3,137,3.8480291970802916,2.74
2,2,124,3.774758064516129,1.81
1,3,123,3.891219512195122,2.7
3,1,120,3.898,2.73
1,2,93,3.8851612903225807,2.45
2,1,84,3.897857142857143,2.65
4,4,38,3.9694736842105263,2.78
1,4,12,3.7875,3.03
3,4,12,4.0775,2.95
4,1,12,3.7875,3.03
4,3,12,4.0775,2.95
