chain,total_buried_area,mean_buried_area,residue_count
2,203.4605,1.4328204225352112,142
3,130.48037,1.0438429599999999,125
1,104.186,0.8203622047244095,127
4,24.697779999999998,0.6675075675675675,37
0,0.0,0.0,2
