res,total_buried_area,mean_buried_area,residue_count
THR,88.801,1.675490566037736,53
SER,73.8843,1.507842857142857,49
ASN,39.733779999999996,1.5282223076923076,26
ARG,36.444,1.349777777777778,27
GLN,32.599000000000004,1.6299500000000002,20
GLU,28.3185,1.0488333333333333,27
LEU,26.9789,0.9635321428571428,28
PRO,22.1791,0.7921107142857142,28
HIS,18.136,1.5113333333333332,12
ASP,14.484,0.6297391304347826,23
GLY,12.52007,0.5961938095238095,21
PHE,12.237,1.01975,12
LYS,11.309000000000001,0.9424166666666668,12
ILE,10.957,0.6445294117647059,17
TYR,9.931000000000001,0.6206875000000001,16
MET,8.758099999999999,1.7516199999999997,5
VAL,8.605,0.3741304347826087,23
ALA,4.1189,0.17908260869565218,23
TRP,2.54,0.508,5
CYS,0.29,0.04833333333333333,6
