chemistry_class,total_buried_area,mean_buried_area,residue_count
polar,235.30808,1.5279745454545455,154
hydrophobic,81.597,0.6580403225806452,124
positive,65.889,1.2919411764705881,51
negative,42.8025,0.8560500000000001,50
aromatic,24.708000000000002,0.7487272727272728,33
other,12.52007,0.5961938095238095,21
