chemistry_class,total_buried_area,mean_buried_area,residue_count
hydrophobic,1626.964,6.923251063829787,235
negative,1099.5624,18.025613114754098,61
polar,862.0539,7.367982051282051,117
positive,219.669,5.357780487804878,41
other,110.789,5.831,19
aromatic,70.827,2.442310344827586,29
