res,total_buried_area,mean_buried_area,residue_count
ALA,961.928,8.666018018018018,111
GLU,960.003,21.818250000000003,44
THR,406.241,8.12482,50
VAL,316.671,5.555631578947368,57
SER,256.6829,5.347560416666667,48
LEU,241.747,6.907057142857143,35
LYS,215.00400000000002,6.718875000000001,32
CYS,150.84,21.548571428571428,7
ASP,139.5594,8.209376470588236,17
GLY,110.789,5.831,19
ILE,83.778,5.984142857142857,14
TYR,59.861000000000004,3.9907333333333335,15
GLN,48.29,4.39,11
PRO,22.840000000000003,1.5226666666666668,15
PHE,7.3759999999999994,0.7375999999999999,10
HIS,3.887,1.2956666666666667,3
TRP,3.59,0.8975,4
ARG,0.7779999999999999,0.12966666666666665,6
ASN,0.0,0.0,1
MET,0.0,0.0,3
