chain,total_buried_area,mean_buried_area,residue_count
C,2267.6144,9.85919304347826,230
B,1548.0819999999999,7.779306532663316,199
A,174.1689,2.3858753424657535,73
