chain1,chain2,contacts,mean_distance,min_distance
B,C,475,3.6222315789473685,1.0
C,C,175,3.796685714285714,1.34
C,B,148,3.8874324324324325,2.71
A,B,101,3.9426732673267324,2.62
B,A,94,3.8947872340425533,2.62
A,A,70,3.909285714285714,2.43
A,C,31,3.6635483870967738,1.49
B,B,24,4.0275,2.47
C,A,4,4.205,3.43
