chain,total_buried_area,mean_buried_area,residue_count
3,198.1341,1.312146357615894,151
1,105.6033,0.8874226890756303,119
2,104.15,1.0111650485436894,103
4,67.8556,1.7856736842105263,38
