chemistry_class,total_buried_area,mean_buried_area,residue_count
polar,154.6013,1.4054663636363638,110
hydrophobic,115.7619,0.863894776119403,134
positive,73.99,1.3701851851851852,54
negative,67.3432,1.6835799999999999,40
aromatic,36.5796,0.8313545454545455,44
other,27.467,0.9471379310344827,29
