res,total_buried_area,mean_buried_area,residue_count
THR,60.8113,1.3219847826086957,46
ASN,41.743,1.897409090909091,22
ASP,38.5042,1.8335333333333332,21
ARG,35.788000000000004,1.6267272727272728,22
LEU,29.7026,0.92820625,32
GLU,28.839,1.5178421052631579,19
GLY,27.467,0.9471379310344827,29
TYR,23.905,1.2581578947368421,19
GLN,23.655,1.6896428571428572,14
ILE,22.524,1.877,12
LYS,21.649,1.2734705882352941,17
SER,20.738,0.9016521739130434,23
ALA,19.805,0.6388709677419355,31
PRO,18.8603,0.6735821428571428,28
VAL,17.49,0.6995999999999999,25
HIS,16.553,1.1035333333333335,15
PHE,12.6746,0.5761181818181819,22
CYS,7.654,1.5308,5
MET,7.38,1.23,6
TRP,0.0,0.0,3
