chain1,chain2,contacts,mean_distance,min_distance
1,3,266,3.8135714285714286,2.64
3,1,266,3.8135714285714286,2.64
2,3,186,3.8423655913978494,2.36
3,3,118,3.7822033898305087,2.73
3,2,94,3.8920212765957447,2.61
1,1,92,3.917608695652174,2.58
3,4,81,3.726296296296296,1.85
4,3,81,3.726296296296296,1.85
2,2,53,3.820188679245283,2.51
4,4,34,3.5152941176470587,2.78
1,2,26,3.9215384615384616,2.77
2,1,26,3.921538461538461,2.77
4,2,20,3.6835,2.77
2,4,20,3.6835,2.77
1,4,2,3.825,3.76
4,1,2,3.825,3.76
