chemistry_class,total_buried_area,mean_buried_area,residue_count
polar,341.27514,1.7063757000000002,200
hydrophobic,254.6209,1.1521307692307692,221
positive,140.756,1.513505376344086,93
negative,94.4132,1.3112944444444445,72
aromatic,68.3106,0.9900086956521739,69
other,40.955,1.0238749999999999,40
