chain,total_buried_area,mean_buried_area,residue_count
2,497.90884,1.6652469565217392,299
3,198.1341,1.312146357615894,151
1,176.4323,0.8523299516908213,207
4,67.8556,1.7856736842105263,38
