res,total_buried_area,mean_buried_area,residue_count
THR,142.7113,1.928531081081081,74
ASN,95.46300000000001,2.386575,40
GLN,62.43,1.8361764705882353,34
LEU,62.4186,1.3280553191489362,47
LYS,58.87,1.4358536585365853,41
ARG,56.634,1.7698125,32
GLU,49.302,1.4500588235294118,34
PRO,46.9603,0.9783395833333333,48
ASP,45.1112,1.187136842105263,38
MET,43.14,2.69625,16
GLY,40.955,1.0238749999999999,40
ALA,40.647999999999996,0.8836521739130434,46
VAL,36.7,0.8738095238095239,42
TYR,33.685,1.5311363636363637,22
SER,31.32884,0.7459247619047619,42
HIS,25.252000000000002,1.2626000000000002,20
ILE,24.753999999999998,1.125181818181818,22
PHE,23.7156,0.6975176470588235,34
TRP,10.91,0.8392307692307692,13
CYS,9.342,0.9342,10
