chain1,chain2,contacts,mean_distance,min_distance
2,2,460,3.8420434782608694,1.42
1,3,266,3.8135714285714286,2.64
3,1,266,3.8135714285714286,2.64
1,1,239,3.905439330543933,2.5
2,3,186,3.8423655913978494,2.36
3,3,118,3.7822033898305087,2.73
3,2,94,3.8920212765957447,2.61
2,1,92,3.7919565217391304,2.12
1,2,92,3.7919565217391304,2.12
3,4,81,3.726296296296296,1.85
4,3,81,3.726296296296296,1.85
4,4,34,3.5152941176470587,2.78
4,2,20,3.6835,2.77
2,4,20,3.6835,2.77
1,4,2,3.825,3.76
4,1,2,3.825,3.76
