chain,total_buried_area,mean_buried_area,residue_count
C,497.4596,2.368855238095238,210
B,497.3099,2.524415736040609,197
A,140.8118,1.2918513761467891,109
