chemistry_class,total_buried_area,mean_buried_area,residue_count
negative,354.4276,4.270212048192771,83
polar,346.281,2.546183823529412,136
hydrophobic,309.8208,1.4967188405797103,207
positive,85.7934,1.7873625000000002,48
other,24.3855,1.52409375,16
aromatic,14.873000000000001,0.5720384615384616,26
