res,total_buried_area,mean_buried_area,residue_count
GLU,335.832,5.247375,64
THR,264.941,3.5325466666666663,75
ALA,199.26500000000001,1.8622897196261683,107
LYS,75.2972,2.2146235294117647,34
SER,61.949999999999996,1.6302631578947366,38
VAL,53.492999999999995,1.1381489361702126,47
ILE,27.9288,1.86192,15
GLY,24.3855,1.52409375,16
GLN,19.39,1.0205263157894737,19
ASP,18.5956,0.9787157894736843,19
PRO,13.122,1.0093846153846153,13
LEU,12.102,0.5500909090909091,22
TYR,10.893,0.837923076923077,13
ARG,6.4162,0.5832909090909091,11
HIS,4.08,1.36,3
PHE,3.9800000000000004,0.4422222222222223,9
MET,3.91,1.3033333333333335,3
ASN,0.0,0.0,1
CYS,0.0,0.0,3
TRP,0.0,0.0,4
