chain1,chain2,contacts,mean_distance,min_distance
B,C,208,3.8653846153846154,1.73
C,C,198,3.8486868686868685,1.23
C,B,165,3.8083636363636364,2.72
A,B,138,3.8618115942028983,1.17
B,A,96,3.8472916666666666,2.63
A,A,82,3.8448780487804877,2.76
B,B,70,3.875285714285714,1.05
A,C,46,3.946521739130435,1.38
C,A,5,3.91,3.53
