chain,total_buried_area,mean_buried_area,residue_count
C,543.2218,3.017898888888889,180
B,439.3367,2.49623125,176
A,189.805,1.4600384615384616,130
D,82.098,1.492690909090909,55
