res,total_buried_area,mean_buried_area,residue_count
SER,171.947,3.184203703703704,54
THR,148.171,2.7439074074074075,54
ARG,145.438,4.691548387096774,31
GLU,102.027,3.291193548387097,31
LYS,95.996,3.555407407407407,27
ASN,90.741,3.0247,30
LEU,77.9671,2.2276314285714287,35
GLN,74.928,2.5837241379310343,29
MET,55.17,4.5975,12
ASP,53.873,1.7378387096774193,31
VAL,53.134,1.8976428571428572,28
ALA,40.7582,1.2350969696969698,33
ILE,32.6982,1.167792857142857,28
PRO,30.613,1.0204333333333333,30
TYR,24.412,1.2848421052631578,19
GLY,17.717,0.5905666666666666,30
CYS,14.129999999999999,3.5324999999999998,4
HIS,13.612,1.047076923076923,13
PHE,6.849,0.4280625,16
TRP,4.28,0.7133333333333334,6
