chemistry_class,total_buried_area,mean_buried_area,residue_count
polar,499.91700000000003,2.9234912280701755,171
hydrophobic,290.3405,1.7490391566265062,166
positive,255.046,3.5921971830985915,71
negative,155.9,2.514516129032258,62
aromatic,35.541000000000004,0.8668536585365855,41
other,17.717,0.5905666666666666,30
